iso,Country/Region,unit,1990,1991,1992,1993,1994,1995,1996,1997,1998,1999,2000,2001,2002,2003,2004,2005,2006,2007,2008,2009,2010,2011,2012,2013,2014,2015,2016,2017,2018
CHN,China,MtCO2e,4718.49,4994.69,5239.63,5696.59,5978.4,6702.85,6706.25,6765.4,6985.91,6835.71,7221.05,7629.47,8189.48,9490.27,10944.17,12428.65,13720.27,14884.76,15346.61,16440.21,18027.26,18956.85,19499.76,20425.41,20546.45,20248.58,20339.02,20807.96,21796.45
USA,United States,MtCO2e,9884.48,9802.3,9958.71,10185.35,10351.15,10470.09,10797.83,11327.8,11422.79,11442.77,11772.71,11725.07,11417.15,11547.26,11709.28,11744.01,11554.55,11742.21,11377.85,10557.96,11063.56,10612.08,10175.9,10452.66,10514.56,10286.66,10455.83,10326.44,10689.23
IND,India,MtCO2e,1361.3,1459.4,1503.38,1561.59,1641.42,1759.82,1845.08,1950.5,1997.19,2140.19,2214.45,2704.54,2755.85,2826.87,2990.87,3113.31,3290.49,3559.07,3746.04,4040.24,4244.89,4310.32,4619.7,4746.71,5103.14,5133.33,5276.42,5514.65,5829.12
RUS,Russia,MtCO2e,4435.75,4347.77,4083.46,3740.84,3310.44,3183.78,3107.73,2846.45,2847.83,2914.82,3009.54,2229.17,2229.86,2348.91,2335.37,2367.62,2449.96,2459.93,2465.53,2219.12,2380.35,2715.79,2670.75,2586.53,2554.34,2515.27,2753.08,2808.73,2968.76
IDN,Indonesia,MtCO2e,1899.75,1934.84,1965,1994.93,2030.51,2093.23,1815.3,3499.26,2152.25,1985.01,1862.51,1527.19,2379.36,1805.2,2425.68,1951.3,2699.05,1724.23,1700.79,2400.46,1785.74,2853.08,2889.44,2771.01,3435.83,3523.25,2368.64,2385.96,2822.37
BRA,Brazil,MtCO2e,2879.6,2908.3,2920.68,2939.51,2963.62,3009.19,3033.84,3084.48,3129.49,3151.11,3166.26,3324.59,3360.54,3367.45,3432.16,3449.88,3443.9,3498.36,3520.06,3469.1,3622.09,1966.74,2046.75,2103.14,2169.72,2127.37,2295.8,2326.17,2261.61
JPN,Japan,MtCO2e,2121.57,2150.46,2174.63,2160.48,2271.31,2296.9,2325.32,2301.27,2212.55,2281.22,2311.56,2233.8,2298.59,2312.46,2295.75,2310.37,2267.34,2337.43,2198.36,2084.13,2196.38,2408.18,2492.09,2520.86,2423.87,2348.18,2359.62,2328.84,2245.74
IRN,Iran,MtCO2e,478.51,526.54,562.9,573.1,634.32,648.73,672.23,702.42,702.6,770.27,814.73,794.05,823.79,879.34,942.37,1014.89,1089.32,1151.55,1166.96,1207.31,1208.76,1317.95,1324.45,1370.59,1418.03,1411.46,1456.69,1505.52,1529.25
CAN,Canada,MtCO2e,1128.28,1118.01,1145.47,1137.16,1169.97,1197.27,1232.99,1259.91,1284.51,1293.6,1331.69,1785.56,1824.46,1866.63,1855.41,1881.62,1861.9,1926.35,1880.7,1816.62,1849.37,1546.11,1543.56,1565.18,1579.13,1575.32,1372.99,1401.27,1431.85
COD,Democratic Republic of the Congo,MtCO2e,807.09,804.27,804.15,806.04,807.86,807.81,798.81,805.47,807.36,799.28,795.04,790.59,804.8,813.5,816.84,817.51,820.32,812.65,817.41,816.85,820.27,1288.19,1283.9,1289.15,1290.74,1291.63,1290.96,1293.05,1286.52
DEU,Germany,MtCO2e,2019.55,1969.45,1884.33,1870.04,1849.29,1843.76,1903.4,1834.55,1804.28,1734.44,1723.48,1825.62,1795,1799.34,1766.81,1726.17,1746.98,1687.94,1696.64,1585.27,1653.99,1575.97,1602.81,1635.2,1554.19,1565.15,1572.63,1540.38,1487.29
SAU,Saudi Arabia,MtCO2e,411.11,460.46,492.16,491.01,493.69,491.03,519.3,527.87,557.88,567.8,594.37,602.65,638.71,672.35,704.76,740.43,783.07,822.18,897.02,926.45,1010.98,1060.22,1125.45,1152.32,1233.2,1291.4,1295.54,1277.84,1243.43
KOR,South Korea,MtCO2e,443.45,498.77,546.46,608.69,663.6,727.67,780.35,827.9,697.58,770.78,864.68,850.1,859.84,870.76,918.41,908.85,923.99,949.73,973.83,999.49,1100.03,1166.64,1171.86,1171.56,1149.59,1190.29,1217.57,1242.03,1253.06
MEX,Mexico,MtCO2e,726.3,764.02,770.7,797.09,849.64,809.24,844.28,888.02,944.01,917.85,968.88,786.94,804.53,850.03,866.77,908.79,944.69,964.81,970.98,949.17,980.48,1180.35,1193.7,1169.71,1149.18,1174.83,1189.46,1185.24,1125.8
AUS,Australia,MtCO2e,859.5,861.48,866.04,872.88,885.77,904.22,915.97,934.19,980.54,1026.67,1051.16,1042.86,1047.34,970.49,1035.27,1000.01,1053.11,1063.68,1037.78,1061.8,1045.43,1027.32,1029.56,937.35,944.67,951.02,1002.27,1050.84,1045.21
ZAF,South Africa,MtCO2e,588.67,579.45,572.27,590.21,602.56,627.37,648.5,678.75,695.04,656.82,666.7,736.13,762.26,807.67,862.92,860.93,865.61,904.4,967.41,923.04,967.26,935.15,972.73,992.96,1016.27,968.5,970.05,993.14,1001.61
TUR,T?rkiye,MtCO2e,310.76,317.81,331.3,343.37,336.78,365.61,400.5,417.58,419.06,417.9,465.59,373.02,393.64,416.18,427.64,450.5,505.8,563.3,558.68,563.32,583.03,593.26,619.97,600.12,648.06,667.93,779.91,863.92,860.34
VNM,Vietnam,MtCO2e,-53.68,-49.37,-45.77,-37.04,-29.71,-17.43,-6.12,7.19,23.47,28.45,40.71,231.03,259.01,266.38,300.59,317.12,322.85,347.11,368.98,406.11,444.02,370.87,372.05,397.22,426.59,468.54,529.96,545.43,659.32
GBR,United Kingdom,MtCO2e,1335.18,1352.95,1322.37,1287.58,1278.99,1262.84,1303.17,1261.3,1260.96,1233.93,1244.11,1270.13,1237.39,1258.35,1252.97,1244.6,1242.01,1215.04,1179.25,1074.09,1102.9,1025.69,1067.74,1036.09,958.3,928.53,887.98,856.24,841.7
THA,Thailand,MtCO2e,271.95,291.79,314.85,349.13,378.64,415.57,455.2,470.76,430.61,450.4,450.43,381.15,406.4,421.55,463.68,477.96,483.97,508.37,511.45,499.18,537.5,601.33,642.71,660.32,654.98,665.31,703.18,710.61,709.99
MYS,Malaysia,MtCO2e,349.02,370.5,375.31,387.76,402.33,415.74,434.67,454.66,502.73,468.83,490.66,473.16,501.49,518.51,564.27,589.33,582.76,628.46,650.4,639.44,663.98,215.3,218.11,257.27,316.28,290.2,660.59,632.49,676.24
PAK,Pakistan,MtCO2e,235.62,240.38,256.68,273.01,282.13,299.44,309.66,319.86,324.48,346.11,348.06,351.02,359.89,372.65,402.76,415.04,445.09,475.86,472.17,489.04,477.68,484.87,491.15,504.88,526.46,550.7,595.31,639.47,622.88
ITA,Italy,MtCO2e,819.39,815.75,810.95,799.65,790.11,839.63,831.94,839.17,861.43,875.6,884.3,882.77,898.97,936.49,958.39,961.13,942.01,927.89,898.46,801.53,818.34,799.26,761.16,698.9,660.28,682.25,716.9,707.49,698.13
POL,Poland,MtCO2e,777.98,777.52,759.02,760.22,750.79,750.72,780.45,759.25,704.15,683.93,657.02,536.38,523.5,545.24,553.31,554.21,581.3,581.12,569.84,543.94,578.86,660.87,646.64,635.8,609.97,616.48,626.38,652.67,649.88
ARG,Argentina,MtCO2e,443.66,453.76,460.68,463.88,469.26,473.07,494.39,503.56,515.45,524.79,521.91,607.74,596.38,628.78,658.53,666.68,690.14,710.3,719.34,688.09,704.33,665.45,671.84,687.03,680.98,693.86,623.01,623.46,619.21
NGA,Nigeria,MtCO2e,400.88,426.73,452.31,444.05,431.42,443.22,485.4,476.39,448.81,434.41,456.59,458.15,430.71,460.68,460.57,465.55,443.63,425.55,435.88,413.21,453.89,468.13,471.57,496.69,513.08,499.58,510.4,511.95,526.58
FRA,France,MtCO2e,803.92,853.35,826.76,788.66,777.88,794.36,829.77,811.6,849.66,834.27,830.88,756.9,744.21,754.97,754.21,758.38,739.47,724.08,713.2,681.01,689,670.72,677.64,678.69,612.8,623.35,624.65,631.86,606.5
EGY,Egypt,MtCO2e,225.12,232.21,236.26,243.59,235.08,250.41,263.01,278.77,289.44,304.45,301.7,327.15,335.24,343.95,368.38,406.52,426.01,453.64,469.41,484.29,489.35,504.29,524.05,520.04,531,544.33,563.25,582.65,569.71
KAZ,Kazakhstan,MtCO2e,534.41,552.05,562.07,491.03,449.14,396.7,350.03,306.45,310.59,283.49,280.77,276.5,318.25,344.57,374.79,400.49,436.42,462.09,553.35,497.33,533.76,547.95,545.2,575.62,475.76,438.36,472.84,508.55,510.63
ESP,Spain,MtCO2e,405.16,418.4,438.51,409.42,432.7,458.53,441.47,481.41,498.49,545.21,577.54,624.19,658.89,673.78,706.81,736.4,721.67,750.85,687.13,614.89,585.97,609.53,597.91,545.01,541.93,567.74,537.16,570.24,557.37
ARE,United Arab Emirates,MtCO2e,133.81,148.61,144.72,152.83,168.7,178.07,185.85,192.09,196.25,199.79,199.43,225.81,229.55,242.51,256.82,272.57,285.05,306.14,356.19,357,370.43,381.7,402.1,423.33,427.62,448.44,460.79,443.17,408.57
COL,Colombia,MtCO2e,359.2,362.34,367.59,376.02,379.35,386.1,385.36,397.04,399.36,378.7,385.97,363.71,359.56,360.68,362.55,364.7,365.51,372.5,374.38,380.31,387.07,348.62,347.15,362.97,369.02,369.16,428.46,416.02,428.93
DZA,Algeria,MtCO2e,186.39,193.56,194.63,208.41,212.05,221.33,224.51,222.08,224.18,231.33,243.39,233.01,243.22,262.37,267.48,279.52,292.8,299.1,309.16,315.44,320.33,336.02,368.72,377.4,398.84,416.77,418.04,424.01,439.11
IRQ,Iraq,MtCO2e,167.65,104.82,151.26,200.27,228.26,224.3,221.46,270.84,227.66,195.22,226.94,246.95,229.62,199.52,222.62,215.63,213.08,201.97,229.47,245.63,275.96,290.64,331.07,353.89,347.36,353.72,384.12,412.56,437.51
UKR,Ukraine,MtCO2e,1436.02,1356.81,1190.39,1031.6,858.29,818.57,704.55,662.82,616.02,605.52,586.12,639.29,647.15,698.07,648.59,623.74,639.62,656.83,634.7,530.17,567.03,617.94,604.5,593.1,526.48,430.52,456.92,404.12,426.39
MMR,Myanmar,MtCO2e,348.42,347.76,350.76,353.96,357.43,361.87,356.6,353.85,361.51,367.47,365.07,326.41,324.59,340.67,357.04,344.91,350.27,361.09,342.28,354.37,361.98,312.15,324.86,330,341.27,351.43,341.29,364.58,370.68
PHL,Philippines,MtCO2e,141.1,140.51,145.93,155.15,165.97,187.94,201.93,217.6,210.47,213.81,215.38,212.78,215.56,220.57,225.63,228.19,214.85,224.97,229.84,234,245.15,247.51,256.22,276.51,290.47,308.52,330.04,359.73,371.92
VEN,Venezuela,MtCO2e,682.63,697.5,701.74,713.48,717.47,751.45,787.2,812.56,815.49,788.91,811.49,705.51,693.21,673.19,700.51,728.55,726.9,717.24,741.99,731.97,747.47,782.14,838.57,840.65,834.86,795.01,623.53,576.3,525.56
BGD,Bangladesh,MtCO2e,139.63,139.13,142.19,144.3,147.84,155.99,156.71,161.13,161.24,166.05,167.89,179.62,184.63,187.96,191.59,198.66,207.79,212.65,224.84,231.99,245.39,254.06,263.6,272.83,281.11,296.2,311.15,327.66,345.4
PER,Peru,MtCO2e,184.85,183.12,184.55,186.42,189.52,197.55,203.66,204.51,204.36,210.67,210.84,216.9,220.03,219.4,227.54,229.24,228.12,235.04,244.39,251.35,259.75,315.18,315.19,318.68,325.8,328.92,335.78,330.84,331.33
NLD,Netherlands,MtCO2e,371.17,381.85,379.93,388.61,388.05,395.43,415.81,400.42,401.05,383.47,382.12,387.65,387.6,390.35,393.77,383.81,374.94,375.28,373.27,363.47,384.74,359.73,356.82,356.1,341.61,357.43,359.46,352.66,342.47
UZB,Uzbekistan,MtCO2e,284.24,286.88,269.93,274.13,266.1,245.42,248.18,253.58,286.09,286.62,300.82,283.5,293.99,278.36,285.14,272.5,291.59,281.91,297.4,272.08,292.9,315.13,284.21,281.56,266.68,256.19,270.67,280.36,290.83
TKM,Turkmenistan,MtCO2e,198.11,182.83,128.35,137.36,122.91,124.22,117.87,102.32,105.5,130.12,156.32,158.77,169.38,190.51,201.53,207.48,209.02,229,237.24,187.81,210.3,247.53,257.47,263.37,259.54,267.24,262.32,260.71,262.84
ETH,Ethiopia,MtCO2e,120.75,121.17,121.2,115.74,117.26,118.45,121.48,125.67,131.6,132.42,129.1,140.8,150.57,149.46,151.89,155.18,160.34,170.94,175.28,179.43,184.59,186.27,192.95,198.81,207.37,211.19,220.01,223.89,227.63
TZA,Tanzania,MtCO2e,151.41,151.67,151.78,152.46,153.19,158.2,151.13,150.62,154.65,154.61,152.45,158.05,164.25,173.33,173.95,180.69,175.47,177.27,180.11,182.16,186.04,188.87,194.87,197.78,197.43,204.26,227.68,228.4,227.55
KWT,Kuwait,MtCO2e,68.43,18.35,55.44,77.49,91.1,90.44,89.82,94.09,103.68,110.04,119.93,126.35,130.54,138.32,147.34,164.51,170.72,166.94,179.08,181.06,188.31,196.57,203.12,209.43,206.86,214.81,222.77,220.89,227.46
BOL,Bolivia,MtCO2e,200.6,202.18,203.3,201.13,199.6,197.24,196.49,199.79,199.3,204.58,194.82,154.79,162.19,159.09,174.84,169.34,172.1,179.52,173.73,172.6,199.72,188.79,190.25,191.21,192.81,196.92,216.9,215.27,215.94
ZWE,Zimbabwe,MtCO2e,69.5,71.55,72.55,67.6,66.21,65.55,66.97,65.05,66.6,70.68,65.44,66.79,62.94,58.42,58.05,59.6,57.89,58.43,54.57,55.09,59.91,64.8,65.51,65.72,63.67,65.17,212.94,211.95,214.99
QAT,Qatar,MtCO2e,28.78,34.3,33.81,38.55,42.95,44.27,48.79,60.31,62.9,68.51,69.08,68.73,76.56,82.67,88.92,92.09,104.17,118.25,127.12,130.31,147.61,166.21,182.09,185.27,195.68,201.8,206.09,206.91,206.29
BEL,Belgium,MtCO2e,232.34,241.91,238.32,233.9,244.05,243.88,254.11,248.11,253.65,245.91,247.61,251.1,236.29,244.32,240.04,234.92,228.13,219.17,224.7,211.38,225.83,205,202.56,204.78,192.47,201.86,204.91,201.18,202.87
CZE,Czech Republic,MtCO2e,319.52,289.32,281.84,268.61,256.02,254.12,262.1,256.62,243.41,227.49,251.81,256.2,246.52,252.94,253.63,250.23,251.94,255.63,244.48,233.06,235.25,236.3,228.91,219.26,213.6,216.7,215.93,216.54,214.47
AGO,Angola,MtCO2e,85.25,85.79,86.82,92.14,97.13,101.69,107.34,107.15,117.2,115.6,107.97,155.47,159.35,167.03,171.17,170.23,168.69,173.77,179.04,183.71,190.11,190.36,189.6,194.8,199.43,207.7,202.57,196.66,181.32
CMR,Cameroon,MtCO2e,131.93,143.84,143.26,139.67,191.62,191.29,192.72,193.71,197.88,196.46,198.47,172.39,172.45,175.72,172.25,174.76,172.12,173.67,174.47,174.63,175.01,158.75,159.01,161.66,163.25,165.45,167.81,167.25,168.71
SDN,Sudan,MtCO2e,96.86,97.16,100.54,101.17,107.34,108.48,112.97,121.59,127.92,132.67,133.52,123.35,129.95,132.67,136.55,143.18,144.66,151.26,152.49,154.73,153.6,155.16,156.74,157.64,159.43,165.42,169.75,169.51,170.55
OMN,Oman,MtCO2e,32.1,40.05,39.08,40.73,43.66,49.72,51.15,53.06,51.76,57.14,64.55,71.22,74.81,78.34,77.17,76.96,93.41,99.36,98.03,103.28,111.1,125.02,140.13,146.51,153.47,161.62,167.07,165.78,174.66
MOZ,Mozambique,MtCO2e,133.88,133.97,134.79,135.7,135.8,136.12,120.93,118.8,121.82,120.65,118.66,137.39,137.75,143.33,142.36,147.32,146.24,147.67,152.96,147.6,156.56,143.03,148.18,150.21,150.39,149.45,169.4,167.69,170.69
ECU,Ecuador,MtCO2e,126.08,127.12,130.76,132.53,137.64,142.22,149.42,152.26,150.07,144.37,144.17,135.46,134.97,136.67,142.6,146.38,150.79,150.88,153.66,159.88,166.23,143.26,143.12,148.82,152.63,150.56,166.15,163.53,166.5
MAR,Morocco,MtCO2e,48.5,51.45,54.3,54.69,59.94,61.72,62.08,65.41,67.04,70.78,72.53,80.22,82.94,82.7,91.08,96.64,100,102.09,106.88,107.06,113.45,128.74,132.7,132.71,135,138.84,136.55,143.55,146.2
PRY,Paraguay,MtCO2e,119.39,116.33,116.07,116.6,117.08,119.49,119.26,120.81,121.1,124.21,118.82,149.33,149.87,151.69,149.5,150.65,150.98,154.27,152.67,154.95,157.93,183.04,184.22,185.95,188.08,189.21,146.7,150.26,148.85
ISR,Israel,MtCO2e,77.86,79.65,84.78,92.5,98.7,105.96,111.04,116.31,118.2,121.89,130.79,131.62,136.72,139.38,140.71,137.2,144.79,150.21,150.99,149.48,159.73,158.75,171.52,153.96,149.82,153.53,152.48,154.71,146.59
BLR,Belarus,MtCO2e,215.71,206.86,183.49,159.17,134.48,119.98,121.81,123.02,119.54,115.8,111.33,124.46,123.94,125.62,132.38,133.87,139.33,136.5,143.25,137.17,146.05,157.35,160.38,161.14,159.92,150.88,140.1,142.49,148.33
TCD,Chad,MtCO2e,32.3,38.73,39.6,40.53,41.56,42.57,46.03,47.76,52.33,54.17,54.47,67.71,71.96,76.46,79.66,83.05,84.47,86.91,87.42,87.47,91.01,111.65,115.3,117.26,119.71,124.39,124.55,126.37,130.82
PRK,North Korea,MtCO2e,287.02,272.99,245.27,227.45,208.42,194.02,172.54,165.86,153.85,163.72,172.16,168.34,162.61,165.85,169.96,176.66,180.11,153.92,169.27,135.2,128.8,103.15,105.85,84.25,91.86,79.23,85.81,138.92,131.11
ZMB,Zambia,MtCO2e,82.53,83.04,83.16,82.38,81.29,81.06,68.59,69.59,70.72,68.7,65.37,73.49,77.02,83.64,84.34,87.38,82.03,84.76,87.81,84.14,91.29,121.18,125.88,127.29,128.35,134.73,133.63,135.42,135.23
GRC,Greece,MtCO2e,168.84,169.1,173.54,173.81,178.08,185.61,186.62,188.71,196.27,197.44,210.3,212.67,212.93,219.77,219.45,223.58,220.79,228.3,219.98,207.75,193.71,192.58,183.67,168.4,162.38,159.1,156.66,156.21,151.7
KHM,Cambodia,MtCO2e,30.69,30.43,31.01,31.86,30.67,33.41,29.29,30.73,34.49,34.11,32.5,33.13,35.8,38.51,39.41,37.61,41.78,43.44,43.55,45.82,45.06,170.95,169.28,169.43,171.15,174.9,107.84,111.79,112.17
MNG,Mongolia,MtCO2e,90.68,94.71,90.58,88.37,85.03,85.94,83.8,85.87,85.58,85.79,87.36,83.89,82.73,82.23,82.38,86.66,90.97,94.36,94.53,96.31,94.25,97.58,102.39,106.16,108.45,109.07,111.91,116.07,119.91
LBY,Libya,MtCO2e,108.73,113.21,102.23,114.19,136.42,149.35,154.13,143.3,142.62,141.88,147.41,143.39,143.9,155.96,158.8,172.49,174.71,167.1,175.58,176.08,185.79,111.56,182.86,167.89,151.68,134.12,128.51,152.31,163.41
ROU,Romania,MtCO2e,397.35,329.25,293.08,273.82,267.24,278.52,285.51,263.42,233.35,203.03,211.06,215.48,211.1,220.4,215.94,214.7,222.86,217.99,214.67,184.2,178.24,-375.56,-380.07,-399.07,-400.29,-396.23,125,130.62,132.8
AUT,Austria,MtCO2e,108.31,116.73,106.16,106.22,106.78,112.16,119.59,117.94,118.36,114.93,115.64,138.95,141.91,151.94,154.17,154.65,150.31,144.5,143.74,130.24,141.57,136.26,129.65,130.91,123.45,125.93,126.62,130.71,124.86
FIN,Finland,MtCO2e,73.2,73.66,67.7,70.13,83.24,75.46,88.42,84.62,77.78,76.91,74.83,117.4,122.27,138.96,131.47,107.03,130.28,126.44,109.87,104.07,120.64,25.97,14.73,16.3,8.3,1.48,129.67,124.4,127.74
SRB,Serbia,MtCO2e,138.55,118.38,109.66,98.27,90.98,103.23,118.21,127.73,127.52,93.55,98.78,37.99,44.94,51.41,61.03,46.52,51.05,48.45,44.56,39.15,38.92,112.87,102.58,103.98,88.5,101.25,109.44,110.53,107.68
SGP,Singapore,MtCO2e,59.76,64.41,67.98,79.19,84.53,85.44,87.77,87.51,85.73,87.71,96.87,96.71,95.22,88.94,91.86,86.42,87.12,89.51,89.95,90.92,98.26,103.66,102.18,103.3,104.96,107.71,107.69,113.13,109.61
HUN,Hungary,MtCO2e,159.99,152.08,135.64,136.49,135.62,133.59,136.83,133.67,133.94,135.29,129.04,134.35,132.02,137.32,134.25,133.14,131.96,128.17,125.96,114.94,114.95,111.37,104.02,98.99,99.15,104.84,107.58,117.8,117.12
IRL,Ireland,MtCO2e,103.33,104.37,104.58,105.37,107.96,109.34,112,114.46,120.19,123.4,129.1,134.29,131.97,132.99,132.75,135.95,137.14,134.95,133.14,122.37,120.89,112.83,114.79,112.61,112.77,116.13,119.84,117.71,115.13
BWA,Botswana,MtCO2e,97.69,97.03,97.83,97.43,97.5,98.51,99.81,99.51,99.85,100.01,99.88,101.53,102.04,94.81,95.5,97.22,98.83,97.33,106.13,96.85,106.47,111.84,98.66,101.61,101.89,101.22,99.81,104.29,103.6
PRT,Portugal,MtCO2e,100.17,103.6,111.65,109.57,112.99,120.14,116.61,121.12,130.98,144.29,143.27,140.52,149.38,139.75,143.1,149.64,139.47,136.42,132.21,130.88,120.12,115.37,112.03,108.68,107.64,115.67,115.73,125.26,116.6
NZL,New Zealand,MtCO2e,44.21,44.19,46.78,45.55,47.28,48.7,50.18,54.97,52.79,56.47,57.49,68.5,69.59,73.96,72.78,75.58,75.75,73.64,74.5,68.63,68.65,79.59,83.87,83.27,83.98,83.67,93.39,96.75,95.62
SLB,Solomon Islands,MtCO2e,8.36,8.38,8.41,8.43,8.46,8.48,8.51,8.53,8.55,8.57,8.6,4.18,4.22,4.25,4.29,4.32,4.35,4.38,4.41,4.44,4.47,-34.53,-34.51,-34.43,-34.51,-34.56,91.92,91.94,91.98
PNG,Papua New Guinea,MtCO2e,52.79,53.8,54.85,55.95,56.67,61.65,61.21,76.01,63.05,64.91,67.25,67.16,68.38,68.65,70.46,68.47,68.27,68.42,67.51,67.81,67.78,83.07,83.45,84.91,87,90.31,90.86,90.85,92.68
CIV,C?te d'Ivoire,MtCO2e,131.35,134.15,136.77,139.64,142.6,143.9,145.58,148.29,149.11,153.16,152.84,83.97,84.71,80.52,79.09,80.84,79.69,79.08,79.45,77.56,77.55,76.95,80.5,82.59,82.99,84.41,85.72,87.21,86.74
BHR,Bahrain,MtCO2e,26.68,25.93,30.06,31.85,32.6,33.48,35.35,36.61,39.44,39.99,41.5,42.83,44.87,46.66,46.89,52.93,57.19,58.91,63.16,63.66,66.87,67.62,70.36,74.86,78.38,79.36,79.75,80.85,82.1
BFA,Burkina Faso,MtCO2e,36.9,37.33,37.63,37.88,38.32,38.7,39.95,40.65,41.54,41.57,43.09,49.03,49.72,53.2,53.77,54.4,54.65,55.65,56.67,57.34,58.65,38.01,39.18,40.43,40.96,42.91,81.04,82.62,84.01
AZE,Azerbaijan,MtCO2e,125.8,121.97,142.86,106.74,72.82,70.89,60.13,58.98,59.51,59.4,62.73,60.37,60.22,65.31,65.13,69.95,72.78,69.09,76.38,67.29,65.01,68.37,74.25,76.28,78.81,78.22,80.9,79.89,82.08
KEN,Kenya,MtCO2e,32.79,31.27,31.32,30.99,31.45,32.21,32.19,31.53,33.38,35.67,35.55,72.93,73.6,73.78,77.15,78.62,80.08,96.77,98.4,100.89,103.32,92.16,90.27,92.57,97.97,101.36,76.16,74.74,74.93
SSD,South Sudan,MtCO2e,49.02,49.85,52.19,53.97,56.03,56.91,61.35,66.78,72.38,75.93,77.86,72.53,76.52,79.58,82.26,85.58,84.53,88.76,89.85,91.93,91.21,87.26,71.74,71.92,73.2,74.06,79.95,77.23,82.54
CHL,Chile,MtCO2e,42.62,40.19,42.89,47.69,55.12,61.96,74.37,87.95,89.72,95.04,87.06,45.4,46.81,48.58,58.73,60.37,62.81,78,86.29,81.26,90.67,13.39,17.73,25.46,11.7,23.52,78.7,81.22,79.49
CHE,Switzerland,MtCO2e,94.39,98.95,98.91,94.28,92.52,94.28,95.46,92.74,95.8,96.22,94.65,96,92.72,95.18,96.1,97.39,96.74,92.87,95.92,93.18,96.29,88.46,91.08,93.13,85.59,84.11,85.13,83.19,80.73
UGA,Uganda,MtCO2e,42.77,43.25,43.5,43.84,43.41,44.33,45.19,46.6,48.18,48.01,47.8,47.42,48.35,50.15,50.14,52.53,51.44,54.58,60.88,61.56,63.01,63.68,65.31,65.12,66.56,68.81,69.12,70.11,72.07
DNK,Denmark,MtCO2e,124.24,145.84,133.96,138.94,146.52,140.29,167.15,147.73,139.82,134.05,126.23,128.87,127.81,138.72,127.03,119.82,135.4,125.79,118.94,113.81,114.26,99.88,89.87,93.02,84.67,80.53,89.43,84.99,84.38
SYR,Syria,MtCO2e,102.2,115.16,119.62,123.98,128.83,134.11,139.01,138.71,144.39,143.08,143.29,143.46,144.94,144.46,139.13,159.92,164.94,171.13,173.36,164.31,164.15,155.46,118.5,81.58,71.54,68.41,68.01,71.51,75.34
LAO,Laos,MtCO2e,30.66,30.61,30.96,31,31.39,31.48,31.66,31.36,33.11,31.81,31.71,34.02,35.35,35.98,40.84,37.79,37.09,42.55,37.98,39.91,44.27,33.38,35.54,37.84,38.14,47.34,62.55,67.24,68.02
CAF,Central African Republic,MtCO2e,64.67,64.98,65.04,65.09,67.6,67.73,52.35,55.64,60.91,57.19,58.42,71.23,66.5,83.03,69.69,77.54,76.17,78.98,78.23,65.74,74.7,77.58,72.35,70.22,66.68,69.19,77.75,71.87,71.73
NPL,Nepal,MtCO2e,18.75,19.25,19.02,20,21.06,22.27,22.34,22.98,23.75,26.11,26.5,21.54,19.97,21.5,21.34,22.42,21.34,21.49,23.21,26,28.04,43.73,46.06,46.83,49.27,48.31,58.25,61.79,65.78
SVK,Slovakia,MtCO2e,102.69,87.74,83.37,78.96,73.67,74.91,74.72,74.68,72.67,70.47,65.26,68.44,67.48,68,66.41,68.32,67.24,65.6,65.54,58.71,61.76,60.53,56.41,57.64,52.51,53.25,67.94,71.95,70.83
TUN,Tunisia,MtCO2e,34.54,36.07,38.49,39.03,38.76,39.65,41.56,42.64,44.89,47.42,49.87,50.88,51.25,50.86,53.26,54.5,56.57,59.05,60.12,60.46,65.27,72.52,77.49,76.25,81.17,82.27,64.37,65.12,65.92
NIC,Nicaragua,MtCO2e,50.56,49.18,50.4,51.03,51.67,51.18,51.35,52.39,53.84,54.42,55.21,63.58,64.17,65.87,65.27,65.59,65.93,66.24,65.94,65.88,66.4,42.49,42.77,42.83,44.07,45.52,63.08,62.83,62.38
SOM,Somalia,MtCO2e,59.97,57.06,55.09,57.03,58.96,59.58,60.01,60.37,60.18,60.23,60.39,60.95,61.41,61.65,61.95,62.39,61.12,60.06,60.08,60.11,60.33,60.49,60.77,60.92,61.05,61.11,61.15,60.99,60.98
LKA,Sri Lanka,MtCO2e,36.52,36.51,39.54,39.7,41.15,41.33,43.79,41.79,39.57,39.87,40.55,35.97,37.37,39.58,40.16,43.22,40.08,42.18,41.66,40.28,42.34,43.63,47.54,41.64,47.29,51.53,61.52,60.59,58.58
GIN,Guinea,MtCO2e,30.52,30.86,31.22,31.61,32.06,32.5,32.02,32.51,34.06,33.69,34.19,35.6,36.84,37.15,37.23,38.78,39.18,39.61,40.26,40.82,43.46,45,46.15,45.88,46.44,47.36,52.46,53.42,54.09
GTM,Guatemala,MtCO2e,47.96,48.43,50.43,51.36,51.89,53.85,53.93,54.56,59.97,58.53,62.04,56.66,58.61,60.72,59.49,62.61,61.72,64.32,61.75,64.07,63.41,52.25,53.34,55.48,57.43,62.96,56.54,55.01,58.15
CUB,Cuba,MtCO2e,68.73,51.35,39.51,34.44,37.43,40.02,44.72,49.2,48.39,49.69,50.38,49.64,47.38,45.69,44.85,45.91,47.33,49.15,47.55,48.65,50.93,45.44,47.6,48.14,43.82,48.36,63.66,61.44,62.31
DOM,Dominican Republic,MtCO2e,9.1,10.58,13.45,13.84,17.44,18.65,20.45,23.91,27.95,29.73,31.32,43.07,47.4,42.91,40.75,43.49,47.08,48.54,48.65,47.21,49.6,51.73,53.3,52.68,53.2,57.77,59.24,57.46,61.5
SWE,Sweden,MtCO2e,132.84,134.33,139.42,139.14,142.95,142.33,153.36,140.91,142.77,140.52,132.82,103.76,106.69,109.01,106.24,99.31,96.54,92.99,90.92,84.05,95.31,65.6,60.43,57.05,54.56,54.67,64.94,64.27,60.36
JOR,Jordan,MtCO2e,28.54,28.85,33.73,34.74,36.61,36.85,36.35,36.37,35.82,34.9,37.1,37.19,38.6,39.62,42.35,45.19,46.29,48.55,46.82,48.3,47.56,49.02,56.17,56.09,60.01,60.17,59.74,62.79,60.68
NOR,Norway,MtCO2e,53.2,48.6,51.66,56.32,60.21,60.04,60.36,64.03,66.65,70.52,59.58,44.73,43.91,48.79,49.29,47.33,48.52,49.41,47.21,47.4,52.72,58.36,57.72,59.32,59.44,60.76,59.49,58.77,57.57
MDG,Madagascar,MtCO2e,82.19,82.28,82.55,82.97,82.94,83.65,84.18,83.68,85.09,84.84,83.52,68.74,65.82,68.73,67.72,71.97,70.5,71.99,70.77,71.73,72.59,48.94,50.13,49.26,49.14,50.3,51.25,50.55,51.25
LBN,Lebanon,MtCO2e,12.92,15.84,15.89,22.6,24.49,28.81,30.68,34.9,35.38,37.14,34.61,37.14,37.07,38.34,39.36,38.18,36.2,33.94,41.34,48.06,46.12,46.95,51.89,51.64,55.74,59.75,61.59,64.79,61.53
SEN,Senegal,MtCO2e,24.99,25.29,25.97,26.15,26.58,27.01,28.74,29.52,31.1,33.65,33.73,34.74,34.32,33.53,36.58,37.59,37.91,38.7,39.87,40.57,41.96,39.67,39.14,40.87,42.06,43.51,46.38,46.21,46.93
NER,Niger,MtCO2e,24.87,25.31,25.76,26.49,26.96,27.53,28.39,29.06,30.05,30.62,31.15,22.97,23.79,24.75,25.64,26.5,27.43,28.71,29.97,31.53,31.92,32.98,35.51,37.37,39.26,40.42,42.11,43.35,45.26
MLI,Mali,MtCO2e,17.92,17.87,17.97,18.25,18.59,19.01,19.44,20.34,24.77,25.89,24.48,21.66,22.18,23,25.52,26.35,26.6,27.87,29.65,29.32,31.25,32.18,33.34,34.83,36.34,37.76,41.23,42.12,43.6
COG,Republic of Congo,MtCO2e,30.73,30.71,30.95,29.99,28.31,29.74,30.41,31.23,33.3,34.01,34.54,33.66,29.89,31.94,32.9,35.8,37.86,34.77,35.53,37.23,39.91,39.95,39.22,38.88,38.11,39.41,40.97,41.21,44.93
BEN,Benin,MtCO2e,34.93,34.98,35.07,35.12,35.38,35.2,37.44,38.06,39.07,38.99,39.21,29.77,31.26,31.43,31.71,33.18,33.93,35.16,34.89,35.93,36.73,36.67,36.4,37.28,38.3,39.06,41.99,42.31,44.33
BIH,Bosnia and Herzegovina,MtCO2e,60.88,55.64,42.85,36.83,16.2,16.31,18.16,27.37,32.46,32.18,39.4,32.96,33.91,34.75,36.52,37.93,41.49,43.58,47.57,47.46,47.74,45.65,42.08,41.74,36.9,37.24,46.51,47.12,47.05
TTO,Trinidad and Tobago,MtCO2e,33.95,33.74,33.75,27.06,21.79,21.23,22.85,23.78,24.41,24.88,26.16,29.42,32.25,39.02,40.74,44.42,50.56,51.65,50.83,49.02,54.13,55.8,54.55,56.2,56.01,54.37,47.69,47.83,47.22
HND,Honduras,MtCO2e,25.28,25.39,25.98,25.95,26.99,28.37,27.91,28.45,29.64,28.56,29.3,29.96,30.71,34.35,34.48,34.82,36.11,37.43,37.71,37.2,36.98,41.97,42.47,42.48,43.21,44.46,43.9,41.51,41.39
LTU,Lithuania,MtCO2e,89.8,93.62,64.39,54.24,51.27,48.63,49.87,49.32,50.98,45.72,42.29,42.35,42.75,42.91,44.5,46.51,46.84,48.06,47.35,42.35,44.06,30.58,30.59,29.11,28.08,28.54,39.58,39.5,40.01
AFG,Afghanistan,MtCO2e,8.9,9.06,8.3,8.43,8.45,8.86,9.86,10.78,11.6,12.33,10.51,13.94,16.9,17.86,17.11,18.84,19.79,21.31,25.97,31.12,37.41,43.92,40.64,39.34,39.95,41.18,40.47,42.08,43.86
URY,Uruguay,MtCO2e,6.11,8.25,10.25,10.51,10.16,10.79,12.89,12.7,12.52,14.58,11.39,17,16.9,17.73,20.62,20.74,23.79,22.27,26.75,26.22,22.44,31.47,33.24,31.09,29.73,29.77,40.18,39,39.35
NAM,Namibia,MtCO2e,7.33,31.5,31.56,31.72,32.14,32.38,32.4,32.3,33.05,33.04,33.82,34.33,32.61,33.4,33.99,34.73,36,35.39,34.37,37.36,36.87,42.05,43.8,37.23,36.65,36.92,37.59,37.72,37.02
PAN,Panama,MtCO2e,22.13,23.05,24.24,24.65,25.18,25.7,25.74,25.92,28.08,26.51,26.87,25.99,24.46,24.89,24.95,28.11,29.01,29.01,28.93,31.92,33.04,34.94,36.11,35.88,36.82,36.57,36.82,35.88,35.68
YEM,Yemen,MtCO2e,23.52,27.11,28.34,28.9,33.97,36.31,37.22,39.75,41.79,46.02,49.73,52.03,52.13,58.35,59.82,63.62,65.88,68.2,69.04,74.23,73.54,67.08,61.56,76.77,75.07,41.45,32.66,32.74,36.37
GUY,Guyana,MtCO2e,14.38,14.53,14.45,15.9,16.53,17.68,18.2,18.68,18.86,18.96,18.57,20.02,19.9,20.17,20.87,20.32,19.97,20.55,20.69,20.74,21.13,36.58,36.99,37.12,37.41,37.57,32.76,32.85,33.12
GAB,Gabon,MtCO2e,23.63,25.24,25.25,25.55,26.7,28.56,30.13,29.81,31.65,30.21,29.56,28.61,27.68,29.63,28.91,28.43,26.4,25.19,26.18,25.91,27.31,33.83,33.23,33.52,34,34.57,35.23,32.54,31.72
LBR,Liberia,MtCO2e,28.19,27.99,28.05,28.06,28.05,28.06,27.99,28.05,28.17,28,28.08,28.11,28.1,28.28,28.39,28.58,28.87,28.64,28.53,29.51,28.99,29.31,29.48,29.43,30.46,31.36,30.54,30.29,29.99
MWI,Malawi,MtCO2e,20.21,20.46,20.46,20.7,20.33,20.54,20.61,20.52,20.75,20.82,20.75,20.8,21.2,21.72,21.55,21.84,21.77,22.41,23.11,22.94,24.02,24.12,24.6,24.79,25.26,25.68,26.3,26.73,28.43
SVN,Slovenia,MtCO2e,12.05,10.25,10.06,11.52,11.63,13.32,14.94,15.84,15.36,14.15,13.58,11.07,11.29,11.14,11.63,12.09,12.8,12.76,14.82,11,11.56,29.21,28.02,26.82,23.88,24,31.53,31.93,31.75
HRV,Croatia,MtCO2e,47.2,35.27,36.55,37.9,37.31,39.21,38.18,41.6,43.47,42.97,41.54,43.55,45.68,48.12,47.33,47.62,48.5,51.29,49.33,45.35,43.94,41.91,38.29,36.81,35.23,36.21,30.86,32.04,29.96
GEO,Georgia,MtCO2e,46.54,29.12,16.19,6.69,-6.12,-11.45,-14.78,-16.45,-17.46,-18.17,-17.52,8.27,7.16,7.88,8.18,9.6,10.42,12.1,10.43,11.96,11.4,20.8,22.34,24.18,25.46,26.55,27.36,27.39,26.86
TJK,Tajikistan,MtCO2e,28.91,27.17,21.7,16.32,11.68,10.54,9.62,10.13,10.31,9.6,8.89,8.09,8.1,8.3,9.27,9.21,9.92,11.21,11.36,10.4,10.54,10.82,12.07,12.67,15.6,16.52,18.47,21.12,23.86
EST,Estonia,MtCO2e,74.17,68.67,50.6,40.88,41.17,36.9,38.8,39.56,37.01,35.84,34.98,35.65,34.86,38.66,39.02,39.09,37.71,45.18,40.66,33.76,42.89,33.18,30.22,33.97,31.46,25.03,44.1,45.86,43.8
SUR,Suriname,MtCO2e,10.74,11.38,11.49,11.59,11.63,11.78,11.96,11.98,12.05,12.16,10.8,11.57,10.61,10.95,11.61,12.11,11.89,11.67,11.9,12.01,12.67,21.69,22.65,22.37,23.09,23.29,26.03,25.01,24.36
BRN,Brunei,MtCO2e,10.65,10.99,11.49,12.27,12.9,13.64,13.93,15.07,20.66,13.17,13.89,13.84,13.69,15.86,14.78,14.54,19.76,18.86,20.47,20.25,18.83,17.41,17.33,17.01,16.92,15.44,16.67,17.33,17.88
MDA,Moldova,MtCO2e,68.22,56.24,46.99,40.65,34.28,30.24,26.72,24.22,21.82,19.16,17.67,16.81,17.1,18.28,18.27,18.98,18.44,18.83,18.71,17.51,19.08,20.4,19.94,18.12,19.28,19.81,21.26,21.16,22.2
GNQ,Equatorial Guinea,MtCO2e,7.91,8.06,10.64,10.9,11.14,11.39,11.86,13.9,15.51,18.41,16.35,19.52,18.45,19.84,26.38,26.93,26.78,28.19,26.81,26.42,26.55,25.96,25.41,25.39,27.37,25.83,25.86,24.37,23.64
SLV,El Salvador,MtCO2e,11.41,12.88,13.54,14.59,15.74,16.51,15.88,17.67,18.13,18.28,17.92,18.79,19.1,20.25,20.77,21.32,22.2,23.16,21.89,21.28,20.89,21.04,21.19,20.13,20.53,21.41,21.46,19.82,20.66
KGZ,Kyrgyzstan,MtCO2e,53.14,48.51,34.27,25.78,17.1,12.46,14.53,14.33,14.9,12.28,12.06,12.82,14.79,16.04,16.17,15.61,15.79,18.11,20.16,19.11,18.47,19.74,24.82,23.61,24.64,25.4,19.31,18.89,22.89
LVA,Latvia,MtCO2e,23.26,19.95,13.91,8.52,4.01,1.38,1.4,0.41,-0.33,-1.3,-2.21,-3.65,-3.59,-3.02,-2.91,-2.6,-1.52,-0.69,-1.35,-2.85,-0.47,20.61,20.11,19.92,19.6,19.68,19.08,18.98,20.21
ARM,Armenia,MtCO2e,44.5,45.94,25.7,13.76,8.97,10.27,8.22,9.76,9.9,8.97,9.81,9.95,9.14,9.94,10.6,12.02,12.46,13.82,14.82,12.5,12.15,12.98,14.76,14.49,14.46,14.34,14.55,14.69,15.23
MKD,Macedonia,MtCO2e,22.49,21.62,20.77,21.09,20.34,19.91,23.03,20.8,22.41,20.71,20.02,20.18,19.04,20.51,20.02,20.66,20.62,21.6,21.18,19.88,19.58,21.29,20.51,18.65,17.86,17.29,16.99,17.96,16.96
LUX,Luxembourg,MtCO2e,22.2,23.16,22.54,22.96,21.28,16.98,17.14,16.15,14.8,15.54,16.89,18.1,19.58,20.42,23.29,23.79,23.39,22.2,22.03,20.86,22.04,22.33,21.9,20.85,19.8,18.78,18.13,18.47,19.08
MRT,Mauritania,MtCO2e,8.22,8.46,8.33,8.54,8.48,8.61,9.21,9.5,9.73,10.43,10.87,11.03,11.21,11.42,11.55,11.74,12.12,12.64,12.12,13.11,13.77,13.98,14.56,14.24,15.27,16.38,12.68,14.46,15.14
HTI,Haiti,MtCO2e,6.49,6.68,6.99,6.42,5.4,6.89,7.35,7.96,8.15,8.36,8.94,9.24,9.76,9.79,9.52,9.67,9.74,10.49,10.5,10.52,11.54,13.25,12.73,13.26,14.05,14.67,14.97,14.91,14.75
CYP,Cyprus,MtCO2e,9.89,10.94,11.73,12.26,12.76,12.52,13.27,13.45,14.08,14.62,15.14,14.54,14.94,16.28,16.17,16.4,16.64,17.27,17.67,17.29,16.58,15.96,14.91,13.53,14.31,14.43,15.32,15.6,15.26
SLE,Sierra Leone,MtCO2e,10.18,10.2,10.18,10.27,10.28,9.95,9.78,9.66,9.77,9.45,9.64,9.94,10.35,10.96,11.29,11.31,12.45,11.68,11.44,11.76,11.8,12.5,13.41,13.68,14.22,14.19,14.3,14.18,14.57
JAM,Jamaica,MtCO2e,17.17,17.1,18.65,19.03,19.13,19.77,20.49,20.79,21.89,22.48,22.69,16.97,17.31,18.09,17.97,17.92,20.64,20.53,15.72,12.24,11.44,16.88,15.8,16.7,16.3,16.09,16.94,16.32,19.08
BGR,Bulgaria,MtCO2e,128.24,96.47,87.19,86.31,80.16,82.54,83.53,78.14,72.03,59.06,57.62,59.16,53.89,63.09,61.17,61.88,62.8,70.63,65.67,51.04,54.53,88.2,77.84,67.33,72.3,77.5,28.29,32.73,26.5
BLZ,Belize,MtCO2e,19.95,20.26,20.29,20.44,20.56,19.46,18.23,17.32,16.31,15.14,14.21,7.71,7.77,8.06,7.57,7.75,7.79,8.04,7.95,8.17,8.24,13.16,12.52,12.72,12.62,13.05,12.52,12.58,12.48
TGO,Togo,MtCO2e,9.9,9.68,9.19,8.96,9.5,9.54,10.51,9.67,11.07,11.99,11.05,7.2,7.81,8.91,8.58,9.45,8.69,8.31,8.7,11.45,11.09,11.45,10.71,10.12,9.7,10.69,11.31,10.86,11.39
ALB,Albania,MtCO2e,17.62,13.32,9.39,9.2,10.02,9.73,9.47,8.25,8.81,11.2,11.79,9.11,10.28,11.06,11.32,10.87,10.76,11.01,10.7,10.92,11.78,13.06,11.91,12.39,13.22,12.5,13.28,14.84,14.5
BDI,Burundi,MtCO2e,11.66,11.77,11.73,11.73,11.62,11.91,11.97,12.06,12.14,12.28,12.35,8.1,8.1,8.03,8.06,8.13,8.32,8.39,8.53,8.68,9.15,-0.49,-0.41,-0.02,-0.03,-0.02,10.3,10.99,11.34
RWA,Rwanda,MtCO2e,8.24,8.16,8.09,8.02,7.82,8.03,8.23,8.62,8.61,8.85,8.85,8.58,8.92,8.9,8.98,9.1,9.38,9.46,9.67,9.81,10.12,8.26,8.49,8.77,8.78,9.62,9.42,9.7,10.04
MUS,Mauritius,MtCO2e,3.42,3.61,3.77,4.07,4.19,4.29,4.52,4.64,5.09,6.02,6.7,7.15,7.22,7.54,7.59,7.97,8.74,8.97,9.15,9.1,9.62,9.48,9.73,9.95,10.29,10.35,10.51,10.85,10.82
GHA,Ghana,MtCO2e,33.93,33.72,34.54,34.72,35.22,35.86,37.07,38.42,43.87,42.93,42.38,113.29,115.77,115.99,114.38,117.08,119.77,120.63,119.94,122.46,125.18,94.7,98.58,101.68,100.68,103.35,-4.59,-2.24,1.05
ERI,Eritrea,MtCO2e,4.55,4.56,5.71,5.48,5.77,5.96,6.58,7.03,6.77,6.98,7.08,6.88,6.82,6.97,7.03,6.9,6.64,6.93,6.8,6.87,6.84,7.08,7.18,7.17,7.21,7.2,7.41,7.48,7.71
TLS,Timor-Leste,MtCO2e,1.38,1.45,1.45,1.48,1.56,1.58,1.6,1.61,1.63,1.52,1.58,2.65,3.88,4.72,5.52,6.49,6.85,7.15,7.55,7.9,8.21,8.11,8.15,8.09,8.16,8.08,7.98,7.86,7.53
CRI,Costa Rica,MtCO2e,16.2,16.68,18.91,19.03,20.11,19.66,19.35,19.37,20.61,20.43,20.19,15.15,15.26,15.9,16.05,16.91,17.53,19.98,20.03,19.28,19.33,6.71,6.72,7.56,7.6,7.22,8.5,8.95,9.25
MNE,Montenegro,MtCO2e,5.73,4.59,4.73,4.36,4.29,4.5,4.98,5.24,5.42,4.3,4.87,-2.41,-2.2,-1.95,-1.79,-2.03,-1.8,-2.1,-1.06,-3.09,-1.53,6.6,6.16,5.95,5.81,6.05,5.62,5.88,6.31
LSO,Lesotho,MtCO2e,4.39,4.49,4.75,4.8,4.84,4.83,4.86,5.02,4.93,5.44,5.39,5.41,5.29,5.39,5.41,5.64,5.62,5.75,5.77,5.98,6.08,7.58,7.65,6.13,6.4,5.98,5.92,6.63,6.23
GNB,Guinea-Bissau,MtCO2e,4.9,4.91,4.95,4.99,5.01,5.04,4.63,4.69,4.89,5.26,4.91,5.13,5.3,5.44,5.49,5.44,5.77,5.78,5.49,5.56,5.71,5.61,6.1,5.81,5.95,6.24,5.95,5.87,5.98
ISL,Iceland,MtCO2e,6.72,6.56,6.39,6.39,6.58,6.42,6.94,6.8,6.95,6.88,7.03,6.76,6.9,6.85,7,6.89,7.42,7.52,7.21,6.8,6.53,6.16,6.12,6.46,6.53,6.59,5.7,5.79,5.84
BHS,Bahamas,MtCO2e,4.24,4.39,4.12,3.87,3.92,4.08,4.08,3.68,4.47,4.56,4.56,4.3,4.37,4.46,4.48,4.19,4.08,4.13,4.3,4.33,4.25,4.73,5.09,5.99,5.35,4.74,4.44,4.76,5.93
BRB,Barbados,MtCO2e,4.13,4.16,4.05,3.99,4.13,4.18,4.26,4.45,4.6,4.75,4.72,4.77,4.74,4.83,4.91,4.99,5.04,5.09,5.61,5.58,5.35,5.44,5.36,5.32,5.02,5.01,5.07,4.87,5.06
GMB,Gambia,MtCO2e,5.74,5.9,6.02,6.14,5.68,5.21,4.9,4.59,4.33,4.28,3.9,3.44,3.2,3.1,3.03,2.91,3.03,3.13,3.29,3.7,3.7,3.4,3.48,3.53,3.74,4.05,3.95,4,3.87
SWZ,Eswatini,MtCO2e,3.71,3.72,3.4,3.03,4.35,4.29,3.8,3.8,3.9,3.99,3.62,3.5,3.48,3.41,3.39,3.41,3.35,3.63,3.53,3.51,3.21,3.14,3.14,3.47,3.51,3.56,3.77,3.75,3.78
MLT,Malta,MtCO2e,4.84,4.64,4.58,5.86,5.27,5.01,4.9,5.2,5.01,5.09,4.54,5.28,4.94,5.53,5.52,5.61,5.71,5.86,5.82,5.41,5.59,5.56,5.88,5.2,5.19,3.82,3.22,3.54,3.59
MDV,Maldives,MtCO2e,0.36,0.37,0.5,0.46,0.47,0.58,0.63,0.75,0.7,0.94,1.02,1.06,1.33,1.16,1.49,1.36,1.7,1.75,1.88,1.99,2.09,2.21,2.5,2.5,2.97,2.97,3.27,3.48,3.99
GRD,Grenada,MtCO2e,1.96,1.98,2,2.02,2.05,2.09,2.15,2.18,2.23,2.26,2.26,2.29,2.3,2.34,2.34,2.37,2.4,2.44,2.47,2.48,2.52,2.5,2.55,2.63,2.52,2.57,2.59,2.62,2.69
DJI,Djibouti,MtCO2e,1.19,1.22,1.26,1.28,1.28,1.37,1.37,1.45,1.59,1.63,1.6,1.61,1.66,1.69,1.66,1.74,1.74,1.82,1.83,1.82,1.93,1.85,1.9,2.04,1.73,1.83,1.74,1.75,1.78
ATG,Antigua and Barbuda,MtCO2e,0.58,0.59,0.59,0.61,0.63,0.65,0.71,0.75,0.81,0.85,0.9,0.94,0.98,1.05,1.09,1.13,1.21,1.29,1.34,1.43,1.47,1.46,1.5,1.52,1.54,1.58,1.62,1.65,1.69
SYC,Seychelles,MtCO2e,0.37,0.42,0.42,0.45,0.49,0.48,0.55,0.64,0.67,0.7,0.68,0.74,0.8,0.78,0.86,0.86,0.88,0.91,0.94,1.01,1,0.93,0.97,0.95,1.05,1.14,1.28,1.29,1.36
CPV,Cape Verde,MtCO2e,-0.52,-0.54,-0.49,-0.51,-0.52,-0.44,-0.44,-0.41,-0.36,-0.27,-0.25,0.74,0.81,0.86,0.86,0.93,1.06,0.94,0.97,1.05,1.11,1.17,1.09,1.05,1.04,1.05,1.14,1.2,1.22
COM,Comoros,MtCO2e,0.45,0.45,0.46,0.47,0.47,0.48,0.49,0.5,0.53,0.54,0.53,0.55,0.56,0.61,0.64,0.67,0.7,0.56,0.59,0.64,0.71,0.69,0.71,0.78,0.75,0.78,0.84,0.97,1.02
LCA,Saint Lucia,MtCO2e,0.82,0.86,0.92,0.98,1.04,0.98,0.94,0.86,0.84,0.79,0.71,0.78,0.76,0.81,0.86,0.85,0.89,0.91,0.93,0.93,1.07,1.01,1.03,1.03,1.04,1.03,1.05,1.1,1.1
AND,Andorra,MtCO2e,0.84,0.84,0.84,0.85,0.84,0.88,0.95,0.98,1.03,1.08,1.11,1.12,1.14,1.15,1.2,1.24,1.18,1.17,1.18,1.14,1.14,1.09,1.09,1.07,1.04,1.04,1.05,1.05,1.11
WSM,Samoa,MtCO2e,0.64,0.65,0.66,0.69,0.7,0.73,0.76,0.75,0.79,0.79,0.8,0.84,0.86,0.86,0.87,0.88,0.88,0.89,0.85,0.88,0.92,0.95,0.96,0.96,0.98,1.05,1.05,1.06,1.06
STP,Sao Tome and Principe,MtCO2e,0.12,0.13,0.12,0.12,0.13,0.13,0.13,0.13,0.14,0.14,0.14,0.14,0.16,0.17,0.19,0.2,0.2,0.2,0.22,0.23,0.25,0.66,0.7,0.7,0.7,0.71,0.72,0.73,0.74
VUT,Vanuatu,MtCO2e,0.55,0.56,0.58,0.61,0.61,0.62,0.66,0.67,0.66,0.68,0.66,0.65,0.63,0.66,0.61,0.63,0.64,0.8,0.8,0.82,0.84,0.87,0.85,0.84,0.94,0.85,0.79,0.8,0.86
KNA,Saint Kitts and Nevis,MtCO2e,0.3,0.31,0.31,0.32,0.34,0.35,0.36,0.38,0.4,0.42,0.45,0.47,0.49,0.49,0.53,0.5,0.51,0.54,0.54,0.56,0.56,0.57,0.55,0.55,0.55,0.57,0.59,0.59,0.59
VCT,Saint Vincent and the Grenadines,MtCO2e,0.14,0.16,0.16,0.2,0.23,0.25,0.26,0.27,0.33,0.33,0.3,0.45,0.47,0.49,0.54,0.54,0.54,0.57,0.54,0.66,0.55,0.53,0.56,0.53,0.62,0.57,0.59,0.53,0.59
TON,Tonga,MtCO2e,0.34,0.35,0.33,0.35,0.36,0.36,0.32,0.34,0.33,0.36,0.34,0.32,0.34,0.38,0.37,0.37,0.41,0.38,0.39,0.41,0.37,0.35,0.36,0.37,0.37,0.36,0.39,0.41,0.42
DMA,Dominica,MtCO2e,0.36,0.36,0.36,0.37,0.38,0.39,0.35,0.39,0.38,0.39,0.43,0.32,0.25,0.28,0.33,0.34,0.35,0.37,0.37,0.37,0.39,0.36,0.39,0.4,0.41,0.42,0.4,0.37,0.37
PLW,Palau,MtCO2e,0.01,0.01,0.41,0.41,0.41,0.41,0.41,0.42,0.42,0.42,0.44,0.45,0.45,0.45,0.45,0.47,0.48,0.47,0.45,0.43,0.45,0.45,0.47,0.47,0.46,0.43,0.44,0.46,0.46
LIE,Liechtenstein,MtCO2e,0.45,0.46,0.46,0.48,0.45,0.46,0.46,0.49,0.51,0.5,0.49,0.5,0.51,0.53,0.53,0.53,0.53,0.47,0.51,0.48,0.45,0.37,0.38,0.4,0.34,0.33,0.31,0.33,0.3
MHL,Marshall Islands,MtCO2e,0.03,0.03,0.19,0.2,0.21,0.21,0.22,0.22,0.22,0.22,0.24,0.24,0.26,0.26,0.27,0.27,0.28,0.3,0.3,0.31,0.32,0.32,0.32,0.32,0.33,0.33,0.34,0.35,0.35
FSM,Micronesia,MtCO2e,0.01,-0.05,0.23,0.25,0.27,0.37,0.39,0.41,0.43,0.4,0.38,0.35,0.32,0.34,0.31,0.25,0.25,0.28,0.24,0.31,0.22,0.25,0.28,0.29,0.3,0.31,0.3,0.3,0.31
KIR,Kiribati,MtCO2e,0.06,0.07,0.07,0.07,0.07,0.08,0.09,0.08,0.08,0.08,0.09,0.09,0.11,0.11,0.12,0.15,0.16,0.14,0.15,0.14,0.13,0.13,0.14,0.15,0.15,0.15,0.14,0.17,0.18
COK,Cook Islands,MtCO2e,0.05,0.05,0.06,0.07,0.07,0.07,0.08,0.08,0.09,0.09,0.08,0.12,0.1,0.11,0.12,0.13,0.14,0.14,0.15,0.14,0.15,0.17,0.17,0.17,0.18,0.16,0.16,0.17,0.17
NRU,Nauru,MtCO2e,0.26,0.26,0.25,0.23,0.23,0.22,0.21,0.21,0.2,0.19,0.18,0.17,0.16,0.14,0.13,0.13,0.09,0.09,0.09,0.09,0.09,0.09,0.09,0.1,0.11,0.11,0.11,0.12,0.11
BTN,Bhutan,MtCO2e,-12.15,-12.15,-12.14,-12.2,-12.14,-12,-11.92,-11.76,-11.75,-11.7,-11.75,-11.83,-11.77,-11.84,-11.95,-11.71,-11.72,-11.64,-11.74,-11.75,-11.51,-0.45,-0.22,-0.14,0.06,0.11,0.47,0.63,0.9
TUV,Tuvalu,MtCO2e,0.02,0.02,0.03,0.03,0.03,0.03,0.02,0.03,0.03,0.03,0.03,0.03,0.03,0.03,0.03,0.03,0.03,0.04,0.03,0.03,0.03,0.03,0.03,0.03,0.03,0.03,0.03,0.03,0.03
NIU,Niue,MtCO2e,0.02,0.02,0.02,0.02,0.02,0.02,0.02,0.02,0.02,0.02,0.02,0.02,0.02,0.02,0.01,0.01,0.01,0.01,0.02,0.01,0.01,0.01,0.01,0.01,0.01,0.01,0.01,0.01,0.01
FJI,Fiji,MtCO2e,-2.69,-2.66,-2.58,-2.53,-2.49,-2.42,-2.31,-2.35,-2.4,-2.42,-2.34,-1.9,-2.24,-1.95,-1.36,-1.87,-1.62,-1.75,-2.25,-2.45,-1.75,-1.9,-2.02,-1.87,-2.13,-2,-2.14,-1.82,-1.68
